"ZONA";"SUBZONA";"CO_X";"CO_Y";"SUBZONA_ORIGEM"
1;1;-46,6323621853;-23,5475305;"001-01"
1;2;-46,6313253955;-23,550305;"001-02"
1;3;-46,6358101916;-23,5494265;"001-03"
1;4;-46,6351934379;-23,545579;"001-04"
2;1;-46,6325185678;-23,543148;"002-01"
2;2;-46,6301070916;-23,5378075;"002-02"
2;3;-46,6297767932;-23,5443925;"002-03"
2;4;-46,6272400727;-23,5469255;"002-04"
2;5;-46,6267246303;-23,55152;"002-05"
3;1;-46,6346436349;-23,552561;"003-01"
3;2;-46,6299280222;-23,5535195;"003-02"
4;1;-46,6412412458;-23,548715;"004-01"
4;2;-46,6394270842;-23,5503745;"004-02"
4;3;-46,6407528065;-23,55293;"004-03"
4;4;-46,6443470141;-23,548995;"004-04"
5;1;-46,6428906463;-23,5416075;"005-01"
5;2;-46,6398342642;-23,5448245;"005-02"
5;3;-46,6437805782;-23,546023;"005-03"
5;4;-46,6456423162;-23,544055;"005-04"
6;1;-46,63819771;-23,538105;"006-01"
6;2;-46,6351995445;-23,537058;"006-02"
6;3;-46,6355461054;-23,541532;"006-03"
6;4;-46,6421365054;-23,5393675;"006-04"
7;1;-46,6343355292;-23,531789;"007-01"
7;2;-46,6292850624;-23,530947;"007-02"
7;3;-46,6291769704;-23,534371;"007-03"
7;4;-46,6396809551;-23,530185;"007-04"
7;5;-46,6361514064;-23,5279665;"007-05"
8;1;-46,6219799472;-23,5480905;"008-01"
8;2;-46,6222441522;-23,542349;"008-02"
8;3;-46,6164518871;-23,547263;"008-03"
8;4;-46,618574361;-23,5516225;"008-04"
9;1;-46,6241844589;-23,557649;"009-01"
9;2;-46,6183683483;-23,5557795;"009-02"
9;3;-46,6097397616;-23,5611905;"009-03"
9;4;-46,6132680841;-23,565625;"009-04"
9;5;-46,6188869795;-23,5612465;"009-05"
10;1;-46,6179962487;-23,567691;"010-01"
10;2;-46,6198317292;-23,5739155;"010-02"
10;3;-46,6228424877;-23,5761765;"010-03"
11;1;-46,6287020599;-23,5624205;"011-01"
11;2;-46,628050996;-23,5577625;"011-02"
11;3;-46,6273979557;-23,5645555;"011-03"
11;4;-46,6247133163;-23,568115;"011-04"
12;1;-46,6300459159;-23,5701565;"012-01"
12;2;-46,6273258845;-23,573611;"012-02"
12;3;-46,6311748527;-23,5755865;"012-03"
12;4;-46,6365363345;-23,5710155;"012-04"
12;5;-46,6320154901;-23,5681195;"012-05"
12;6;-46,633268752;-23,5644585;"012-06"
13;1;-46,6347670889;-23,5591995;"013-01"
13;2;-46,6362980616;-23,5627465;"013-02"
13;3;-46,6393455995;-23,5678755;"013-03"
14;1;-46,6498341038;-23,5533385;"014-01"
14;2;-46,647391334;-23,5564465;"014-02"
14;3;-46,6428049756;-23,557061;"014-03"
14;4;-46,6402542678;-23,55883;"014-04"
15;1;-46,6456084054;-23,5668425;"015-01"
15;2;-46,6409950134;-23,565778;"015-02"
15;3;-46,6427044662;-23,5690855;"015-03"
15;4;-46,6462186488;-23,5684315;"015-04"
15;5;-46,6467379726;-23,561036;"015-05"
16;1;-46,6528974097;-23,5593475;"016-01"
16;2;-46,6503821625;-23,560597;"016-02"
16;3;-46,6503669365;-23,5642655;"016-03"
16;4;-46,6563203757;-23,559987;"016-04"
16;5;-46,6542891337;-23,5565645;"016-05"
17;1;-46,6575211087;-23,5479085;"017-01"
17;2;-46,6560294211;-23,5446325;"017-02"
17;3;-46,6543863034;-23,5424705;"017-03"
17;4;-46,6497951125;-23,5451925;"017-04"
17;5;-46,6496613531;-23,5500475;"017-05"
17;6;-46,6552416036;-23,552562;"017-06"
17;7;-46,6595084561;-23,5556365;"017-07"
17;8;-46,6609965723;-23,552044;"017-08"
18;1;-46,6423959835;-23,5325055;"018-01"
18;2;-46,6468019393;-23,5354115;"018-02"
18;3;-46,650613918;-23,538203;"018-03"
18;4;-46,649425534;-23,53247;"018-04"
19;1;-46,6417471089;-23,519525;"019-01"
19;2;-46,6327544187;-23,5213505;"019-02"
19;3;-46,6270788653;-23,5254485;"019-03"
19;4;-46,6303649128;-23,5278915;"019-04"
19;5;-46,6338126958;-23,524473;"019-05"
19;6;-46,6393757042;-23,5229315;"019-06"
19;7;-46,6431759739;-23,523471;"019-07"
19;8;-46,6466412275;-23,524849;"019-08"
19;9;-46,6494112282;-23,5198825;"019-09"
20;1;-46,6236087757;-23,527371;"020-01"
20;2;-46,6202883727;-23,5221795;"020-02"
20;3;-46,613807184;-23,5229165;"020-03"
20;4;-46,6086302361;-23,5256845;"020-04"
21;1;-46,6233232816;-23,531437;"021-01"
21;2;-46,6188784813;-23,5301285;"021-02"
21;3;-46,6153767323;-23,5275525;"021-03"
21;4;-46,6112101768;-23,52921;"021-04"
21;5;-46,6150630859;-23,532368;"021-05"
22;1;-46,619373281;-23,538656;"022-01"
22;2;-46,6135506155;-23,536724;"022-02"
22;3;-46,6085493474;-23,542679;"022-03"
22;4;-46,6133673435;-23,5436865;"022-04"
23;1;-46,5923312386;-23,5316365;"023-01"
23;2;-46,6054643982;-23,530396;"023-02"
24;1;-46,584359179;-23,5478315;"024-01"
24;2;-46,6056851486;-23,5416985;"024-02"
24;3;-46,6076967516;-23,5343645;"024-03"
24;4;-46,5977765399;-23,540815;"024-04"
24;5;-46,586289529;-23,5392645;"024-05"
25;1;-46,5984504099;-23,548779;"025-01"
25;2;-46,5927702335;-23,551018;"025-02"
25;3;-46,5876946568;-23,554524;"025-03"
25;4;-46,6068027339;-23,5501585;"025-04"
26;1;-46,5927532078;-23,5625205;"026-01"
26;2;-46,58425704;-23,5726815;"026-02"
27;1;-46,6022833978;-23,557206;"027-01"
27;2;-46,601256014;-23,56332;"027-02"
27;3;-46,5927911369;-23,5683355;"027-03"
27;4;-46,5896698858;-23,574415;"027-04"
27;5;-46,5961762779;-23,5731575;"027-05"
28;1;-46,6058252366;-23,5724735;"028-01"
28;2;-46,6018503688;-23,574384;"028-02"
28;3;-46,5957219797;-23,5881915;"028-03"
29;1;-46,6117462162;-23,5742245;"029-01"
29;2;-46,6071751814;-23,57999;"029-02"
30;1;-46,6379464826;-23,5759275;"030-01"
30;2;-46,6361295234;-23,580231;"030-02"
30;3;-46,6299503464;-23,5788365;"030-03"
30;4;-46,6329971492;-23,586299;"030-04"
30;5;-46,6295116826;-23,5848255;"030-05"
30;6;-46,6204281705;-23,582344;"030-06"
30;7;-46,6232629736;-23,586519;"030-07"
30;8;-46,6255369801;-23,591951;"030-08"
31;1;-46,6453906394;-23,5829075;"031-01"
31;2;-46,640669019;-23,580195;"031-02"
31;3;-46,6450766309;-23,590001;"031-03"
31;4;-46,6380336698;-23,5885505;"031-04"
32;1;-46,6506472078;-23,571625;"032-01"
32;2;-46,6476968795;-23,570011;"032-02"
32;3;-46,6436803033;-23,5741035;"032-03"
32;4;-46,647712497;-23,576599;"032-04"
33;1;-46,6529722694;-23,5654305;"033-01"
33;2;-46,6563872766;-23,568428;"033-02"
34;1;-46,665934387;-23,5597655;"034-01"
34;2;-46,6622367698;-23,557454;"034-02"
34;3;-46,6582022666;-23,5609975;"034-03"
34;4;-46,6615906372;-23,5633695;"034-04"
34;5;-46,6652005524;-23,566597;"034-05"
34;6;-46,6699131893;-23,562831;"034-06"
35;1;-46,6690926372;-23,5564055;"035-01"
35;2;-46,6739126636;-23,5583915;"035-02"
35;3;-46,6773326088;-23,5602475;"035-03"
35;4;-46,6798297968;-23,5564885;"035-04"
35;5;-46,6754849264;-23,554131;"035-05"
36;1;-46,6618118149;-23,5391965;"036-01"
36;2;-46,662235592;-23,542774;"036-02"
36;3;-46,6630401549;-23,5494235;"036-03"
36;4;-46,6701333317;-23,5495635;"036-04"
37;1;-46,6715373667;-23,5382105;"037-01"
37;2;-46,6692121004;-23,533891;"037-02"
37;3;-46,6674933505;-23,5408995;"037-03"
37;4;-46,6733909272;-23,545556;"037-04"
38;1;-46,6586928733;-23,529533;"038-01"
38;2;-46,6542369118;-23,531092;"038-02"
38;3;-46,6570816785;-23,534204;"038-03"
38;4;-46,6582293591;-23,5375565;"038-04"
39;1;-46,6647955383;-23,5284935;"039-01"
39;2;-46,6679890398;-23,531549;"039-02"
39;3;-46,6771075165;-23,52713;"039-03"
39;4;-46,68236725;-23,5235485;"039-04"
39;5;-46,6762802175;-23,5250955;"039-05"
40;1;-46,6544546557;-23,5198095;"040-01"
40;2;-46,6544546477;-23,525242;"040-02"
41;1;-46,6727541104;-23,5167365;"041-01"
41;2;-46,6616812342;-23,518881;"041-02"
41;3;-46,664729455;-23,523508;"041-03"
41;4;-46,6734846014;-23,521209;"041-04"
41;5;-46,6836798899;-23,5192965;"041-05"
41;6;-46,685203442;-23,5133315;"041-06"
42;1;-46,6652613823;-23,5110045;"042-01"
42;2;-46,6554438791;-23,5109585;"042-02"
42;3;-46,658227205;-23,5047435;"042-03"
42;4;-46,6604598269;-23,500842;"042-04"
43;1;-46,6398374024;-23,510975;"043-01"
44;1;-46,6263850368;-23,507518;"044-01"
44;2;-46,6211007547;-23,5031725;"044-02"
44;3;-46,624917201;-23,500945;"044-03"
45;1;-46,6269644467;-23,515019;"045-01"
45;2;-46,6224164599;-23,5152475;"045-02"
45;3;-46,6188930901;-23,5056845;"045-03"
46;1;-46,614655632;-23,511684;"046-01"
46;2;-46,6080671779;-23,515896;"046-02"
46;3;-46,6008451506;-23,520154;"046-03"
47;1;-46,6000913492;-23,5105025;"047-01"
47;2;-46,6077247841;-23,505224;"047-02"
47;3;-46,6074258966;-23,500983;"047-03"
47;4;-46,5985154996;-23,5025955;"047-04"
47;5;-46,6047441366;-23,4952075;"047-05"
48;1;-46,5907335323;-23,524371;"048-01"
48;2;-46,5850644007;-23,5175385;"048-02"
48;3;-46,5908993421;-23,515109;"048-03"
49;1;-46,5932377071;-23,5059705;"049-01"
49;2;-46,5832689567;-23,5063875;"049-02"
49;3;-46,575849468;-23,5085305;"049-03"
49;4;-46,58010025;-23,499316;"049-04"
50;1;-46,579538331;-23,5199365;"050-01"
50;2;-46,575779618;-23,522878;"050-02"
50;3;-46,5657677746;-23,520432;"050-03"
50;4;-46,5596638599;-23,5132315;"050-04"
50;5;-46,5652357516;-23,507862;"050-05"
50;6;-46,5715159453;-23,5120115;"050-06"
51;1;-46,5660544804;-23,5285455;"051-01"
51;2;-46,5583643153;-23,5272765;"051-02"
51;4;-46,5539755037;-23,5329835;"051-04"
51;5;-46,5642484092;-23,5353765;"051-05"
51;6;-46,575860547;-23,5379935;"051-06"
51;7;-46,5764602108;-23,5308715;"051-07"
52;1;-46,5630182769;-23,541718;"052-01"
52;2;-46,5609400714;-23,549677;"052-02"
52;3;-46,5734548289;-23,5479375;"052-03"
52;4;-46,5744446274;-23,5425855;"052-04"
53;1;-46,5808836705;-23,554823;"053-01"
53;2;-46,5786149014;-23,5642765;"053-02"
53;3;-46,5853576363;-23,5637385;"053-03"
53;4;-46,5717669505;-23,5637265;"053-04"
53;5;-46,5721336645;-23,5548025;"053-05"
54;1;-46,5546259184;-23,557909;"054-01"
54;3;-46,5473664508;-23,560067;"054-03"
54;4;-46,5511265423;-23,565093;"054-04"
54;5;-46,5634395926;-23,557378;"054-05"
55;1;-46,5642819396;-23,5676455;"055-01"
55;2;-46,5574469387;-23,5698705;"055-02"
55;3;-46,5702344483;-23,5766215;"055-03"
55;4;-46,561071087;-23,577227;"055-04"
56;1;-46,586381612;-23,584391;"056-01"
56;2;-46,5805411954;-23,578749;"056-02"
56;3;-46,5765561377;-23,585826;"056-03"
56;4;-46,5679301071;-23,5869455;"056-04"
56;5;-46,5719188252;-23,579952;"056-05"
57;1;-46,5920687066;-23,5866605;"057-01"
57;2;-46,5834487158;-23,596815;"057-02"
58;1;-46,6025572053;-23,5860125;"058-01"
58;2;-46,6020274659;-23,5923555;"058-02"
58;3;-46,6009445119;-23,599276;"058-03"
59;1;-46,6157343934;-23,585697;"059-01"
59;2;-46,6099400348;-23,5861535;"059-02"
59;3;-46,6166271179;-23,5912595;"059-03"
59;4;-46,6096657574;-23,5923295;"059-04"
59;5;-46,6103197279;-23,5986965;"059-05"
59;6;-46,6096122792;-23,606605;"059-06"
60;1;-46,6124434865;-23,613469;"060-01"
60;2;-46,6158931371;-23,621268;"060-02"
61;1;-46,6190953463;-23,597249;"061-01"
61;2;-46,6200449599;-23,6036805;"061-02"
61;3;-46,6224777633;-23,61122;"061-03"
61;4;-46,6238409958;-23,6196555;"061-04"
62;1;-46,6329147855;-23,592692;"062-01"
62;2;-46,6325264892;-23,597254;"062-02"
62;3;-46,6260446949;-23,5959485;"062-03"
63;1;-46,6329994912;-23,601804;"063-01"
63;2;-46,6272331226;-23,601687;"063-02"
63;3;-46,6355314948;-23,6089295;"063-03"
63;4;-46,6305265533;-23,6086855;"063-04"
64;1;-46,6469556502;-23,595681;"064-01"
64;2;-46,6399351788;-23,595595;"064-02"
65;1;-46,6474601396;-23,600696;"065-01"
65;2;-46,6402787744;-23,601706;"065-02"
65;3;-46,6398806101;-23,6063125;"065-03"
65;4;-46,6444287256;-23,6076715;"065-04"
65;5;-46,6407726643;-23,611262;"065-05"
66;1;-46,6581931526;-23,586715;"066-01"
66;2;-46,6553898794;-23,577857;"066-02"
66;3;-46,6502483593;-23,586715;"066-03"
66;4;-46,6590943913;-23,595161;"066-04"
66;5;-46,6529554996;-23,5963845;"066-05"
67;1;-46,6671330315;-23,5853885;"067-01"
67;2;-46,6683961692;-23,5913465;"067-02"
68;1;-46,6734654185;-23,566691;"068-01"
68;2;-46,6693527349;-23,5718215;"068-02"
68;3;-46,6604187738;-23,5730755;"068-03"
68;4;-46,6641603939;-23,575581;"068-04"
68;5;-46,667269921;-23,579893;"068-05"
69;1;-46,6851956398;-23,586005;"069-01"
69;2;-46,6797063937;-23,5819395;"069-02"
69;3;-46,6736096059;-23,5797135;"069-03"
69;4;-46,6727402596;-23,5841315;"069-04"
69;5;-46,677856305;-23,586131;"069-05"
70;1;-46,6918229426;-23,5758015;"070-01"
70;2;-46,6844130827;-23,569143;"070-02"
70;3;-46,6822734533;-23,574206;"070-03"
70;4;-46,674899762;-23,5760705;"070-04"
70;5;-46,6887769864;-23,581329;"070-05"
71;1;-46,6857229726;-23,561081;"071-01"
71;2;-46,6818727361;-23,563323;"071-02"
71;3;-46,68680006;-23,565743;"071-03"
72;1;-46,6994458317;-23,561579;"072-01"
72;2;-46,6989990254;-23,567925;"072-02"
72;3;-46,6938844143;-23,5628045;"072-03"
72;4;-46,6910955312;-23,568611;"072-04"
72;5;-46,6971660139;-23,5724875;"072-05"
73;1;-46,6947159285;-23,556203;"073-01"
73;2;-46,6905584483;-23,549491;"073-02"
73;3;-46,6816481175;-23,551308;"073-03"
73;4;-46,6894533985;-23,5561675;"073-04"
73;5;-46,6847377255;-23,556059;"073-05"
74;1;-46,6847789787;-23,535768;"074-01"
74;2;-46,681108596;-23,5312295;"074-02"
74;3;-46,6763860462;-23,5355945;"074-03"
74;4;-46,6785745526;-23,5398445;"074-04"
74;5;-46,6787665497;-23,5463855;"074-05"
74;6;-46,68370306;-23,5460685;"074-06"
74;7;-46,6857669605;-23,5417625;"074-07"
75;1;-46,7027443954;-23,5447095;"075-01"
75;2;-46,6996140833;-23,549991;"075-02"
76;1;-46,6855790959;-23,527257;"076-01"
76;2;-46,6890945632;-23,5326315;"076-02"
76;3;-46,6938109896;-23,5388145;"076-03"
77;1;-46,706916036;-23,5209495;"077-01"
77;2;-46,700939797;-23,523291;"077-02"
77;3;-46,6905580116;-23,524852;"077-03"
78;1;-46,7163839775;-23,522159;"078-01"
78;2;-46,7168051036;-23,529814;"078-02"
78;3;-46,7113997817;-23,5285135;"078-03"
78;4;-46,7068195286;-23,533411;"078-04"
78;5;-46,6992088358;-23,5340645;"078-05"
79;1;-46,7181762666;-23,514046;"079-01"
79;2;-46,7070470955;-23,513266;"079-02"
79;3;-46,698666486;-23,51131;"079-03"
79;4;-46,6948920173;-23,5179385;"079-04"
80;1;-46,6844497796;-23,507002;"080-01"
80;2;-46,6752680857;-23,508721;"080-02"
81;1;-46,6835038245;-23,4997545;"081-01"
81;2;-46,6776671051;-23,499408;"081-02"
81;3;-46,6692664049;-23,4983825;"081-03"
81;4;-46,670522237;-23,4901945;"081-04"
81;5;-46,6692479228;-23,4846935;"081-05"
81;6;-46,680760344;-23,491305;"081-06"
81;7;-46,6770731095;-23,4843255;"081-07"
82;1;-46,6477410503;-23,503397;"082-01"
82;2;-46,6543972732;-23,497273;"082-02"
82;3;-46,6508831727;-23,493949;"082-03"
82;4;-46,661984916;-23,4898135;"082-04"
82;5;-46,6552784107;-23,487689;"082-05"
83;1;-46,6391013841;-23,5036385;"083-01"
83;2;-46,6352058905;-23,497696;"083-02"
83;3;-46,6296356893;-23,4962705;"083-03"
83;4;-46,6261195329;-23,49413;"083-04"
84;1;-46,6444926363;-23,49284;"084-01"
84;2;-46,6382927105;-23,490624;"084-02"
84;3;-46,6317898409;-23,4880165;"084-03"
85;1;-46,6192583348;-23,493136;"085-01"
85;2;-46,61382537;-23,4923245;"085-02"
85;3;-46,6182180285;-23,4836275;"085-03"
85;4;-46,6257479643;-23,484605;"085-04"
86;1;-46,6103753474;-23,482009;"086-01"
86;2;-46,6063523258;-23,484297;"086-02"
86;3;-46,6034462366;-23,486827;"086-03"
86;4;-46,5965275395;-23,4864315;"086-04"
87;1;-46,5914968231;-23,493234;"087-01"
87;2;-46,5793573316;-23,4899495;"087-02"
87;3;-46,585925771;-23,484872;"087-03"
88;1;-46,5678028577;-23,4936155;"088-01"
88;2;-46,5721786988;-23,484081;"088-02"
88;3;-46,574964236;-23,478474;"088-03"
89;1;-46,5642078714;-23,478518;"089-01"
90;1;-46,5541722726;-23,494648;"090-01"
90;2;-46,5347014437;-23,483468;"090-02"
90;3;-46,4987174297;-23,4677775;"090-03"
90;4;-46,4758001885;-23,465745;"090-04"
91;1;-46,54601849;-23,5282545;"091-01"
91;2;-46,5491892329;-23,5221615;"091-02"
91;3;-46,5546854664;-23,523853;"091-03"
91;4;-46,5539370507;-23,5116875;"091-04"
91;5;-46,5487072688;-23,5137935;"091-05"
92;1;-46,5256339392;-23,5096135;"092-01"
92;2;-46,5242141258;-23,5028765;"092-02"
92;3;-46,5351557217;-23,5103395;"092-03"
92;4;-46,5358674338;-23,5058225;"092-04"
93;1;-46,5348409345;-23,51794;"093-01"
93;2;-46,5259859542;-23,517445;"093-02"
93;3;-46,5334222412;-23,5268715;"093-03"
94;1;-46,5222073621;-23,5373405;"094-01"
94;2;-46,5119811064;-23,5439165;"094-02"
94;3;-46,51550009;-23,5491465;"094-03"
94;4;-46,5250415357;-23,543877;"094-04"
94;5;-46,5384977506;-23,536385;"094-05"
95;1;-46,5505023835;-23,5389875;"095-01"
95;2;-46,5399016061;-23,544985;"095-02"
95;3;-46,5448162205;-23,54893;"095-03"
95;4;-46,5511671008;-23,551521;"095-04"
96;1;-46,5299111226;-23,5578405;"096-01"
96;2;-46,5314409709;-23,5468245;"096-02"
96;3;-46,5221995606;-23,552942;"096-03"
96;4;-46,5267740455;-23,5630685;"096-04"
96;5;-46,5408314642;-23,5568785;"096-05"
96;6;-46,5341687446;-23,5542215;"096-06"
97;1;-46,5454487158;-23,575131;"097-01"
97;2;-46,5379491651;-23,5667985;"097-02"
97;3;-46,5303696538;-23,5784975;"097-03"
98;1;-46,5470639927;-23,58206;"098-01"
98;2;-46,5378130609;-23,5880545;"098-02"
99;1;-46,5584377991;-23,585044;"099-01"
99;2;-46,5490598214;-23,587453;"099-02"
99;3;-46,5532897411;-23,592066;"099-03"
100;1;-46,5798064051;-23,5942725;"100-01"
100;2;-46,573574417;-23,5917155;"100-02"
100;3;-46,5628761227;-23,593825;"100-03"
100;4;-46,5606136644;-23,6037505;"100-04"
101;1;-46,5910748434;-23,598557;"101-01"
101;2;-46,5866158919;-23,605443;"101-02"
102;1;-46,5741422408;-23,6070545;"102-01"
102;2;-46,5492487653;-23,6096155;"102-02"
102;3;-46,5785794692;-23,62201;"102-03"
103;1;-46,6032085407;-23,610407;"103-01"
103;2;-46,597434818;-23,6079055;"103-02"
103;3;-46,6067596723;-23,6181385;"103-03"
103;4;-46,5963816609;-23,620792;"103-04"
104;1;-46,5869361027;-23,619035;"104-01"
104;3;-46,58980673;-23,635284;"104-03"
105;1;-46,5723288007;-23,6244325;"105-01"
105;2;-46,5630763362;-23,6230105;"105-02"
106;1;-46,6041796878;-23,6258195;"106-01"
106;2;-46,6031571966;-23,637953;"106-02"
106;3;-46,607905799;-23,651184;"106-03"
106;4;-46,5938209543;-23,6453405;"106-04"
107;1;-46,6250480504;-23,629243;"107-01"
107;2;-46,6145418648;-23,632206;"107-02"
108;1;-46,6232232375;-23,653592;"108-01"
109;1;-46,6408375028;-23,6154515;"109-01"
109;2;-46,634772533;-23,616618;"109-02"
109;3;-46,6288682761;-23,6175265;"109-03"
109;4;-46,6408745432;-23,620946;"109-04"
109;5;-46,6342349123;-23,62421;"109-05"
110;1;-46,6411122054;-23,632561;"110-01"
110;2;-46,6333229142;-23,631456;"110-02"
110;3;-46,6356083113;-23,6388495;"110-03"
110;4;-46,6357597122;-23,64675;"110-04"
110;5;-46,6283402813;-23,645072;"110-05"
111;1;-46,6539757765;-23,6135695;"111-01"
111;2;-46,64910447;-23,608648;"111-02"
111;3;-46,6504507626;-23,6216295;"111-03"
111;4;-46,6448847823;-23,6198665;"111-04"
111;5;-46,6464782968;-23,627931;"111-05"
112;1;-46,6565016223;-23,6264885;"112-01"
113;1;-46,6458337074;-23,6373655;"113-01"
113;2;-46,642719054;-23,6432495;"113-02"
113;3;-46,6435465217;-23,6515715;"113-03"
113;4;-46,6500209639;-23,645462;"113-04"
114;1;-46,6637186045;-23,6334215;"114-01"
114;2;-46,6559435165;-23,637523;"114-02"
114;3;-46,6678953745;-23,6387895;"114-03"
115;1;-46,6658859889;-23,648269;"115-01"
115;2;-46,6614419692;-23,6429185;"115-02"
115;3;-46,656896625;-23,647447;"115-03"
115;4;-46,6522229761;-23,6538935;"115-04"
115;5;-46,6609762234;-23,653793;"115-05"
116;1;-46,6691233453;-23,5971865;"116-01"
116;2;-46,6628637463;-23,5997775;"116-02"
116;3;-46,6582978885;-23,6034245;"116-03"
116;4;-46,6538515566;-23,605478;"116-04"
116;5;-46,6589175228;-23,610539;"116-05"
116;6;-46,6618240928;-23,6069955;"116-06"
116;7;-46,6666241392;-23,603752;"116-07"
116;8;-46,6707004097;-23,600452;"116-08"
117;1;-46,672979916;-23,606354;"117-01"
117;2;-46,6703178306;-23,609259;"117-02"
117;3;-46,6663739556;-23,6114275;"117-03"
117;4;-46,661359531;-23,6136645;"117-04"
118;1;-46,6744783028;-23,612287;"118-01"
118;2;-46,670661004;-23,616724;"118-02"
118;3;-46,6648545791;-23,621608;"118-03"
119;1;-46,6780167928;-23,617212;"119-01"
119;2;-46,6742288978;-23,621741;"119-02"
119;3;-46,6685711036;-23,6268075;"119-03"
120;1;-46,6828459041;-23,6230975;"120-01"
120;2;-46,6801928004;-23,627484;"120-02"
120;3;-46,6735897903;-23,635194;"120-03"
121;1;-46,6802598087;-23,592954;"121-01"
121;2;-46,6745831556;-23,5907955;"121-02"
121;3;-46,6770346069;-23,602382;"121-03"
121;4;-46,6815765755;-23,598351;"121-04"
122;1;-46,6876910364;-23,59401;"122-01"
122;2;-46,6919126026;-23,600007;"122-02"
122;3;-46,6955207487;-23,6085305;"122-03"
123;1;-46,6862881602;-23,603309;"123-01"
123;2;-46,681765106;-23,6061545;"123-02"
123;3;-46,6795070794;-23,609616;"123-03"
123;4;-46,6829705328;-23,6145205;"123-04"
123;5;-46,6868156809;-23,6115125;"123-05"
123;6;-46,6898471634;-23,608878;"123-06"
124;1;-46,6964503325;-23,6176295;"124-01"
124;2;-46,6909684118;-23,619837;"124-02"
124;3;-46,6867104225;-23,6211865;"124-03"
125;1;-46,7025782864;-23,600797;"125-01"
125;2;-46,7058196779;-23,611572;"125-02"
126;1;-46,7000071034;-23,579061;"126-01"
126;2;-46,7035323743;-23,5898465;"126-02"
126;3;-46,6975414083;-23,5914075;"126-03"
127;1;-46,7191132669;-23,5886985;"127-01"
127;2;-46,710870233;-23,5880475;"127-02"
127;3;-46,7084518275;-23,580803;"127-03"
127;4;-46,7111408145;-23,5950685;"127-04"
128;1;-46,7147579665;-23,599299;"128-01"
128;2;-46,7159159492;-23,607976;"128-02"
128;3;-46,721839678;-23,604589;"128-03"
129;1;-46,7197683516;-23,5734115;"129-01"
129;2;-46,707470199;-23,565519;"129-02"
129;3;-46,7059022353;-23,5722295;"129-03"
129;4;-46,7120540407;-23,5774345;"129-04"
129;5;-46,7199321748;-23,581711;"129-05"
129;6;-46,725387584;-23,57965;"129-06"
130;1;-46,7236900133;-23,5475965;"130-01"
130;2;-46,7213591097;-23,5419;"130-02"
130;3;-46,7126846716;-23,5402335;"130-03"
130;4;-46,7108074226;-23,5463395;"130-04"
130;5;-46,7141637995;-23,5524165;"130-05"
130;6;-46,7048080401;-23,5564695;"130-06"
131;1;-46,7274321351;-23,561069;"131-01"
132;1;-46,7253176882;-23,525097;"132-01"
132;2;-46,7241362401;-23,532028;"132-02"
132;3;-46,7309040637;-23,5342795;"132-03"
133;1;-46,7448658661;-23,526383;"133-01"
133;2;-46,7345911836;-23,518941;"133-02"
133;3;-46,7388828702;-23,5354975;"133-03"
133;4;-46,7366408332;-23,5274125;"133-04"
133;5;-46,7317651265;-23,525932;"133-05"
134;1;-46,7516874568;-23,534709;"134-01"
134;2;-46,7462833342;-23,5434075;"134-02"
134;3;-46,7367349822;-23,5480745;"134-03"
135;1;-46,7578453291;-23,539471;"135-01"
135;2;-46,749809952;-23,5526525;"135-02"
136;1;-46,757474074;-23,5053685;"136-01"
136;2;-46,7463061317;-23,5138905;"136-02"
136;3;-46,7347212879;-23,512265;"136-03"
137;1;-46,7429080798;-23,4958095;"137-01"
137;3;-46,7313762057;-23,500235;"137-03"
138;1;-46,7573491258;-23,486051;"138-01"
139;1;-46,7223317717;-23,4974895;"139-01"
139;2;-46,71160574;-23,4967175;"139-02"
139;3;-46,7084727122;-23,5044905;"139-03"
140;1;-46,7464496331;-23,4762825;"140-01"
140;2;-46,7373499579;-23,4767965;"140-02"
140;3;-46,7326411279;-23,4725975;"140-03"
140;4;-46,7227490177;-23,4697375;"140-04"
140;6;-46,7143340357;-23,47551;"140-06"
141;1;-46,6961855094;-23,505829;"141-01"
141;2;-46,7000484839;-23,501039;"141-02"
141;3;-46,6888979401;-23,496673;"141-03"
141;4;-46,704027912;-23,492614;"141-04"
141;5;-46,6947223964;-23,491952;"141-05"
142;1;-46,6914992443;-23,4828195;"142-01"
142;2;-46,6810876273;-23,481401;"142-02"
143;1;-46,7059725757;-23,469308;"143-01"
143;2;-46,7012161346;-23,47902;"143-02"
144;1;-46,6897926257;-23,4729565;"144-01"
144;2;-46,6812737101;-23,474342;"144-02"
144;3;-46,6738321088;-23,4714205;"144-03"
144;5;-46,6751095639;-23,4636775;"144-05"
145;1;-46,7034570006;-23,450728;"145-01"
145;2;-46,6948086592;-23,464868;"145-02"
145;3;-46,6842368827;-23,465613;"145-03"
146;1;-46,6676303235;-23,477431;"146-01"
146;2;-46,6563142994;-23,4784305;"146-02"
146;3;-46,6583294352;-23,4722385;"146-03"
146;4;-46,6605886284;-23,4641305;"146-04"
147;1;-46,6632695423;-23,4533265;"147-01"
148;1;-46,6482764037;-23,4823575;"148-01"
148;2;-46,6376111012;-23,479827;"148-02"
148;3;-46,6255327203;-23,475898;"148-03"
148;4;-46,6401699908;-23,471545;"148-04"
149;1;-46,6474102783;-23,453413;"149-01"
150;1;-46,6234091142;-23,4675635;"150-01"
150;2;-46,6151838514;-23,476143;"150-02"
150;3;-46,6105468494;-23,4694165;"150-03"
151;1;-46,6237708417;-23,452361;"151-01"
152;1;-46,6088772937;-23,4606735;"152-01"
152;2;-46,6075270889;-23,4479995;"152-02"
153;1;-46,6022543872;-23,4717395;"153-01"
153;2;-46,5946421597;-23,474181;"153-02"
153;3;-46,5906353301;-23,476679;"153-03"
154;1;-46,5846366414;-23,4681705;"154-01"
154;2;-46,5730417502;-23,46565;"154-02"
155;1;-46,5946467647;-23,4610605;"155-01"
155;2;-46,5878042781;-23,447443;"155-02"
156;1;-46,569036015;-23,4434235;"156-01"
157;1;-46,5506393323;-23,4701875;"157-01"
157;2;-46,5497303637;-23,447355;"157-02"
158;1;-46,5234438971;-23,462986;"158-01"
159;1;-46,521316115;-23,4905755;"159-01"
160;1;-46,5103778725;-23,5001105;"160-01"
160;2;-46,501953325;-23,4927445;"160-02"
160;3;-46,497391885;-23,5014945;"160-03"
160;4;-46,5038215999;-23,5064095;"160-04"
160;5;-46,5161401138;-23,509174;"160-05"
161;1;-46,486030868;-23,4864695;"161-01"
161;3;-46,4906776912;-23,5019585;"161-03"
161;4;-46,4932982461;-23,4937015;"161-04"
161;5;-46,4978956744;-23,487599;"161-05"
162;1;-46,4935847963;-23,510913;"162-01"
162;2;-46,5115007067;-23,5130155;"162-02"
162;3;-46,5002650633;-23,5167735;"162-03"
163;1;-46,4823307725;-23,5119495;"163-01"
163;2;-46,4844714889;-23,5206745;"163-02"
164;1;-46,5175160192;-23,518907;"164-01"
164;2;-46,5100108811;-23,5238845;"164-02"
164;3;-46,4960747732;-23,5275805;"164-03"
164;4;-46,5227979654;-23,5264065;"164-04"
165;1;-46,4809500469;-23,5293625;"165-01"
165;2;-46,4805935848;-23,535501;"165-02"
165;3;-46,4782860895;-23,539297;"165-03"
166;1;-46,5127781293;-23,5338085;"166-01"
166;2;-46,5020868582;-23,537723;"166-02"
167;1;-46,4840662713;-23,5454975;"167-01"
167;2;-46,4781036337;-23,5435935;"167-02"
167;3;-46,4943568895;-23,5478205;"167-03"
167;5;-46,4924174235;-23,537738;"167-05"
168;1;-46,5002058423;-23,5549025;"168-01"
168;2;-46,4945954574;-23,557905;"168-02"
168;3;-46,4867466409;-23,5568035;"168-03"
168;4;-46,5101766551;-23,555191;"168-04"
169;1;-46,5128959578;-23,5701645;"169-01"
169;2;-46,5061184277;-23,569425;"169-02"
169;3;-46,5078695075;-23,5750345;"169-03"
169;4;-46,5234903883;-23,5694245;"169-04"
169;5;-46,5186913132;-23,5627615;"169-05"
169;6;-46,5173197913;-23,558636;"169-06"
170;1;-46,500952706;-23,565601;"170-01"
170;2;-46,4887643732;-23,563889;"170-02"
170;3;-46,4860445276;-23,5722215;"170-03"
170;4;-46,495935629;-23,5753465;"170-04"
171;1;-46,5188689269;-23,581259;"171-01"
171;2;-46,5097235204;-23,582987;"171-02"
171;3;-46,5228135415;-23,5773065;"171-03"
172;1;-46,4985629058;-23,5857775;"172-01"
172;2;-46,4930779137;-23,592894;"172-02"
172;3;-46,4864523887;-23,597237;"172-03"
172;4;-46,5004445638;-23,5933655;"172-04"
173;1;-46,5254535348;-23,5899985;"173-01"
173;2;-46,5300680249;-23,5945135;"173-02"
173;3;-46,5186959931;-23,598935;"173-03"
174;1;-46,5129693313;-23,592199;"174-01"
174;2;-46,5068193208;-23,5991765;"174-02"
174;3;-46,4999757639;-23,6029185;"174-03"
175;1;-46,5407519702;-23,5944505;"175-01"
175;2;-46,5322738598;-23,600085;"175-02"
175;3;-46,5436872058;-23,6023635;"175-03"
175;4;-46,5300972049;-23,6078915;"175-04"
176;1;-46,5165196408;-23,6046475;"176-01"
176;2;-46,5108773269;-23,614784;"176-02"
177;1;-46,5488996494;-23,6457325;"177-01"
177;2;-46,5417328181;-23,6347085;"177-02"
177;3;-46,5400849588;-23,6221;"177-03"
177;4;-46,5324812304;-23,627293;"177-04"
177;5;-46,5178720402;-23,6265145;"177-05"
177;6;-46,5061864809;-23,6336255;"177-06"
178;1;-46,5734745829;-23,639716;"178-01"
178;3;-46,5574790099;-23,6325135;"178-03"
179;1;-46,5277064368;-23,6448275;"179-01"
179;2;-46,5361104599;-23,6500705;"179-02"
179;4;-46,5463752124;-23,658346;"179-04"
179;5;-46,5447808257;-23,6731145;"179-05"
179;6;-46,5228024689;-23,6640675;"179-06"
180;1;-46,5954639966;-23,66055;"180-01"
180;2;-46,5675848239;-23,6584265;"180-02"
181;1;-46,6210564494;-23,68273;"181-01"
181;3;-46,6157020395;-23,671683;"181-03"
182;1;-46,6568402743;-23,661638;"182-01"
182;2;-46,6473738846;-23,6586075;"182-02"
182;3;-46,6399366275;-23,6572785;"182-03"
182;4;-46,6343485413;-23,660436;"182-04"
182;5;-46,6440902445;-23,665314;"182-05"
182;6;-46,6373441893;-23,669199;"182-06"
183;1;-46,650759916;-23,671881;"183-01"
183;2;-46,6518831577;-23,6779805;"183-02"
183;3;-46,6410511947;-23,682631;"183-03"
184;1;-46,6658641965;-23,680006;"184-01"
184;2;-46,6552170993;-23,683712;"184-02"
185;1;-46,6739264699;-23,6519645;"185-01"
185;2;-46,6649087545;-23,6625365;"185-02"
185;3;-46,6719975451;-23,6645195;"185-03"
185;5;-46,6623162935;-23,6713525;"185-05"
186;1;-46,6735064435;-23,6717245;"186-01"
186;2;-46,6753965004;-23,68134;"186-02"
186;3;-46,6753421759;-23,687279;"186-03"
187;1;-46,6862165452;-23,6843155;"187-01"
187;3;-46,6842699784;-23,693071;"187-03"
188;1;-46,685235296;-23,6580535;"188-01"
188;2;-46,6829836092;-23,6697335;"188-02"
189;1;-46,7038837949;-23,669774;"189-01"
189;2;-46,6985849736;-23,6638025;"189-02"
189;3;-46,6953714036;-23,6806455;"189-03"
189;4;-46,6916514498;-23,6726815;"189-04"
190;1;-46,6942270636;-23,6414225;"190-01"
190;2;-46,6886243438;-23,6311025;"190-02"
190;3;-46,6829415778;-23,6368315;"190-03"
190;5;-46,6815380333;-23,6457855;"190-05"
191;1;-46,7059374847;-23,646994;"191-01"
191;2;-46,6992186514;-23,649699;"191-02"
191;3;-46,7048549799;-23,6523595;"191-03"
191;4;-46,6931143675;-23,6525475;"191-04"
191;5;-46,7026007844;-23,657297;"191-05"
192;1;-46,7207278935;-23,650344;"192-01"
192;2;-46,7131008374;-23,648548;"192-02"
192;3;-46,7146983689;-23,6560665;"192-03"
192;4;-46,7096308153;-23,6594895;"192-04"
193;1;-46,7194602748;-23,6390475;"193-01"
193;2;-46,7121103657;-23,630057;"193-02"
193;3;-46,7127202377;-23,6400885;"193-03"
193;4;-46,7065149236;-23,6383485;"193-04"
193;5;-46,6983375724;-23,6340415;"193-05"
193;6;-46,7022549425;-23,624075;"193-06"
193;7;-46,6958303363;-23,6273285;"193-07"
193;8;-46,6928055616;-23,629782;"193-08"
194;1;-46,7260218792;-23,6161985;"194-01"
194;2;-46,7168583125;-23,617838;"194-02"
194;3;-46,7088883193;-23,6216995;"194-03"
195;1;-46,7304505195;-23,6246925;"195-01"
195;2;-46,7217131862;-23,6258755;"195-02"
195;3;-46,7230894959;-23,6332025;"195-03"
195;4;-46,7323456117;-23,631455;"195-04"
195;5;-46,7317958553;-23,6396065;"195-05"
196;1;-46,7403311988;-23,6210255;"196-01"
196;3;-46,7397906669;-23,629055;"196-03"
196;4;-46,7405791709;-23,638133;"196-04"
197;1;-46,7319387907;-23,6088055;"197-01"
198;1;-46,728647833;-23,586844;"198-01"
198;2;-46,7253469199;-23,591841;"198-02"
198;3;-46,7286536118;-23,599374;"198-03"
198;4;-46,7403364319;-23,6038055;"198-04"
198;5;-46,7463949199;-23,6110185;"198-05"
198;6;-46,7449864258;-23,600467;"198-06"
198;7;-46,7363598355;-23,5921405;"198-07"
198;8;-46,7321262828;-23,594036;"198-08"
199;1;-46,7312600676;-23,5735305;"199-01"
199;2;-46,7393029165;-23,580362;"199-02"
199;3;-46,7330491914;-23,584901;"199-03"
200;1;-46,7449135147;-23,589987;"200-01"
200;2;-46,7528659809;-23,5972035;"200-02"
201;1;-46,7628545854;-23,57862;"201-01"
201;2;-46,752007875;-23,5748845;"201-02"
201;3;-46,7455125151;-23,5670585;"201-03"
202;1;-46,7731891764;-23,575839;"202-01"
202;3;-46,7635289058;-23,565479;"202-03"
202;4;-46,7557187669;-23,5565645;"202-04"
203;1;-46,7928804353;-23,534259;"203-01"
203;2;-46,7807194483;-23,5446065;"203-02"
203;3;-46,7727161786;-23,5617585;"203-03"
204;1;-46,7783830138;-23,532219;"204-01"
204;2;-46,7657440817;-23,539795;"204-02"
205;1;-46,8013434409;-23,5183785;"205-01"
205;2;-46,7781074078;-23,5239055;"205-02"
205;3;-46,7652810939;-23,5267395;"205-03"
206;1;-46,7966898418;-23,5031455;"206-01"
206;2;-46,7717035;-23,5004715;"206-02"
206;3;-46,7706171269;-23,5109605;"206-03"
206;4;-46,762883146;-23,518359;"206-04"
207;1;-46,7834712071;-23,476554;"207-01"
208;1;-46,7626619198;-23,453734;"208-01"
208;3;-46,7488024579;-23,444111;"208-03"
209;1;-46,7372931332;-23,433619;"209-01"
209;2;-46,7297861477;-23,452175;"209-02"
209;3;-46,7156009994;-23,4348405;"209-03"
210;1;-46,6785086743;-23,451375;"210-01"
210;3;-46,6892178577;-23,4542475;"210-03"
210;4;-46,6971616926;-23,44492;"210-04"
211;1;-46,6682548807;-23,4343615;"211-01"
214;1;-46,5992767385;-23,405649;"214-01"
215;1;-46,5832018036;-23,4159155;"215-01"
216;1;-46,5117015002;-23,407954;"216-01"
217;1;-46,5131564452;-23,438401;"217-01"
218;1;-46,4820595802;-23,4994895;"218-01"
218;2;-46,4730054487;-23,4885045;"218-02"
218;3;-46,4723447476;-23,49838;"218-03"
219;1;-46,4648503563;-23,5027075;"219-01"
219;2;-46,4646941847;-23,489343;"219-02"
219;5;-46,4621085441;-23,5103435;"219-05"
219;6;-46,4721729982;-23,511132;"219-06"
220;1;-46,4523703774;-23,5036825;"220-01"
220;2;-46,4507739684;-23,510768;"220-02"
221;1;-46,4469945558;-23,496435;"221-01"
221;2;-46,4498316263;-23,4888985;"221-02"
221;3;-46,4421626077;-23,5071265;"221-03"
222;1;-46,4362670064;-23,4977985;"222-01"
222;2;-46,4378952177;-23,486237;"222-02"
222;3;-46,4322426605;-23,503501;"222-03"
223;1;-46,4642905156;-23,529924;"223-01"
223;2;-46,4602280325;-23,526806;"223-02"
223;3;-46,4600325542;-23,535597;"223-03"
223;4;-46,4703721963;-23,5372875;"223-04"
223;5;-46,4706493841;-23,528466;"223-05"
223;6;-46,4662627311;-23,519732;"223-06"
224;1;-46,452470172;-23,5258565;"224-01"
224;2;-46,4480139085;-23,519704;"224-02"
225;1;-46,4365615467;-23,5153215;"225-01"
225;2;-46,4370616117;-23,5205485;"225-02"
226;1;-46,4484600861;-23,535489;"226-01"
226;2;-46,4392358036;-23,52753;"226-02"
226;3;-46,4389621741;-23,536455;"226-03"
227;1;-46,45930666;-23,547735;"227-01"
227;2;-46,4572736129;-23,5403025;"227-02"
227;3;-46,4509463721;-23,545111;"227-03"
227;4;-46,4471476942;-23,549685;"227-04"
227;5;-46,4685534781;-23,544379;"227-05"
228;1;-46,4718008281;-23,5549355;"228-01"
228;3;-46,4782801709;-23,5617205;"228-03"
229;1;-46,4795940695;-23,5739435;"229-01"
229;2;-46,4712195788;-23,564158;"229-02"
229;3;-46,460603232;-23,5554285;"229-03"
229;4;-46,4622436411;-23,564885;"229-04"
230;1;-46,4532423814;-23,558524;"230-01"
230;2;-46,4517673931;-23,5669465;"230-02"
230;3;-46,4480082073;-23,5809925;"230-03"
231;1;-46,4718442662;-23,581316;"231-01"
232;1;-46,4874379113;-23,5874575;"232-01"
232;2;-46,4746669962;-23,5935235;"232-02"
232;3;-46,4973980799;-23,5797235;"232-03"
233;1;-46,4757419373;-23,6045735;"233-01"
233;2;-46,4799817306;-23,6158335;"233-02"
233;3;-46,4817403255;-23,601321;"233-03"
233;4;-46,4919693742;-23,6024235;"233-04"
234;1;-46,4652739535;-23,6039575;"234-01"
234;2;-46,45897742;-23,6099245;"234-02"
235;1;-46,4952590767;-23,610887;"235-01"
235;2;-46,4975814296;-23,619063;"235-02"
235;3;-46,4890823421;-23,6154545;"235-03"
236;1;-46,4544052972;-23,618054;"236-01"
236;2;-46,4704378488;-23,6255845;"236-02"
237;1;-46,516855519;-23,650355;"237-01"
237;2;-46,5059859969;-23,64554;"237-02"
237;3;-46,4946429768;-23,6476935;"237-03"
237;4;-46,4936354467;-23,6360615;"237-04"
238;1;-46,4753490269;-23,6426365;"238-01"
238;2;-46,474598077;-23,6879935;"238-02"
239;1;-46,5307614944;-23,6863575;"239-01"
239;3;-46,5108755222;-23,6868855;"239-03"
239;5;-46,4962324529;-23,6748515;"239-05"
240;5;-46,5498926915;-23,69466;"240-05"
240;4;-46,5490272615;-23,7123095;"240-04"
240;7;-46,5612886746;-23,6791965;"240-07"
241;1;-46,5730238374;-23,6806365;"241-01"
241;5;-46,5748153454;-23,698843;"241-05"
241;3;-46,5734961666;-23,711894;"241-03"
242;3;-46,587212901;-23,6789735;"242-03"
242;1;-46,6106907135;-23,71174;"242-01"
242;2;-46,5962813411;-23,705236;"242-02"
242;4;-46,5980236279;-23,6738095;"242-04"
244;1;-46,6507770535;-23,7133775;"244-01"
244;2;-46,6331259127;-23,705093;"244-02"
245;1;-46,6678688524;-23,697693;"245-01"
246;1;-46,6872879571;-23,718506;"246-01"
246;2;-46,6727633562;-23,716778;"246-02"
247;1;-46,6961852498;-23,6973185;"247-01"
247;2;-46,6886023288;-23,7002005;"247-02"
247;3;-46,7018831403;-23,713978;"247-03"
247;4;-46,6942374928;-23,712447;"247-04"
247;6;-46,6947369187;-23,722708;"247-06"
248;1;-46,7144608755;-23,6828085;"248-01"
248;3;-46,698602733;-23,6864315;"248-03"
248;4;-46,7132571437;-23,6997275;"248-04"
249;1;-46,7133271883;-23,711929;"249-01"
249;2;-46,7183793097;-23,7298875;"249-02"
250;1;-46,7181256136;-23,660713;"250-01"
250;2;-46,7183546853;-23,670162;"250-02"
250;3;-46,7086056872;-23,6727425;"250-03"
251;1;-46,7467967064;-23,6786165;"251-01"
251;2;-46,7342129667;-23,6767705;"251-02"
251;3;-46,7382248514;-23,7055815;"251-03"
252;1;-46,7564083681;-23,6655035;"252-01"
252;3;-46,749159622;-23,6698845;"252-03"
252;4;-46,7392134874;-23,666001;"252-04"
252;5;-46,7393806359;-23,6600215;"252-05"
252;6;-46,7274103181;-23,65899;"252-06"
252;7;-46,7288683228;-23,650626;"252-07"
253;1;-46,7615931152;-23,6764775;"253-01"
253;2;-46,7536759038;-23,680687;"253-02"
253;3;-46,7622948684;-23,6812355;"253-03"
253;4;-46,7677581448;-23,6896185;"253-04"
253;5;-46,7562802198;-23,6910335;"253-05"
254;1;-46,7518255024;-23,646094;"254-01"
254;2;-46,7432281315;-23,646737;"254-02"
254;3;-46,7353207221;-23,647364;"254-03"
254;4;-46,7447405541;-23,6539335;"254-04"
254;5;-46,7532109218;-23,6595665;"254-05"
255;1;-46,7593448805;-23,65449;"255-01"
255;2;-46,7664736905;-23,665104;"255-02"
255;3;-46,7691422996;-23,6753405;"255-03"
256;1;-46,7504482836;-23,63678;"256-01"
256;2;-46,7576722064;-23,6436375;"256-02"
256;3;-46,7646253549;-23,6490545;"256-03"
257;1;-46,7550505398;-23,617561;"257-01"
257;2;-46,7513370217;-23,6255695;"257-02"
258;1;-46,7649882035;-23,626481;"258-01"
258;2;-46,7630202307;-23,634721;"258-02"
259;1;-46,7837072252;-23,644012;"259-01"
259;2;-46,7729001795;-23,639048;"259-02"
259;3;-46,7739032336;-23,647016;"259-03"
260;1;-46,7665302389;-23,6070805;"260-01"
261;1;-46,7850746927;-23,629665;"261-01"
261;4;-46,8001046731;-23,621586;"261-04"
262;1;-46,7771370764;-23,5897185;"262-01"
262;2;-46,7605023797;-23,5890555;"262-02"
262;3;-46,7735594982;-23,5975635;"262-03"
263;1;-46,7949168656;-23,5960345;"263-01"
264;1;-46,7881714419;-23,583195;"264-01"
265;1;-46,8095379629;-23,589389;"265-01"
266;1;-46,8133162329;-23,53709;"266-01"
266;2;-46,8046031339;-23,536017;"266-02"
266;3;-46,795676834;-23,554877;"266-03"
266;4;-46,8055677656;-23,564783;"266-04"
267;1;-46,8453865169;-23,5164075;"267-01"
267;2;-46,8354286742;-23,528297;"267-02"
267;3;-46,8231820322;-23,5274385;"267-03"
267;4;-46,8482371863;-23,53872;"267-04"
267;5;-46,8272828074;-23,553649;"267-05"
268;1;-46,8375530755;-23,50158;"268-01"
268;2;-46,8228712245;-23,513404;"268-02"
269;1;-46,8537961388;-23,4892245;"269-01"
269;2;-46,8218148103;-23,4921925;"269-02"
270;1;-46,7988035986;-23,4391835;"270-01"
271;1;-46,7742540298;-23,429088;"271-01"
272;1;-46,7734417993;-23,4054625;"272-01"
272;2;-46,7610680275;-23,4019275;"272-02"
272;3;-46,7255002612;-23,4060675;"272-03"
272;5;-46,7424145263;-23,4082465;"272-05"
272;6;-46,7499351518;-23,420567;"272-06"
273;1;-46,6814609739;-23,3909465;"273-01"
274;1;-46,6218182434;-23,3780695;"274-01"
275;1;-46,5168096058;-23,381177;"275-01"
276;1;-46,4266587396;-23,379319;"276-01"
277;1;-46,4805237176;-23,4377065;"277-01"
278;1;-46,4503403114;-23,4647545;"278-01"
278;2;-46,4573793739;-23,44357;"278-02"
278;3;-46,4222318353;-23,426339;"278-03"
278;5;-46,4177816785;-23,452752;"278-05"
278;6;-46,4025495912;-23,466759;"278-06"
278;7;-46,3899427187;-23,410839;"278-07"
278;8;-46,3942894531;-23,4349965;"278-08"
279;1;-46,4187060471;-23,4773005;"279-01"
279;2;-46,4105473956;-23,4849185;"279-02"
279;3;-46,4219654196;-23,4872705;"279-03"
279;4;-46,4320538779;-23,486416;"279-04"
280;1;-46,3888335243;-23,4830095;"280-01"
281;1;-46,42363866;-23,496969;"281-01"
281;2;-46,4125854192;-23,497421;"281-02"
281;3;-46,4105326409;-23,5076155;"281-03"
281;4;-46,4243220569;-23,5058025;"281-04"
282;1;-46,3997556739;-23,498314;"282-01"
282;2;-46,3918037553;-23,5061875;"282-02"
282;3;-46,399681855;-23,506888;"282-03"
283;1;-46,3898038847;-23,493418;"283-01"
283;2;-46,3822951505;-23,4876635;"283-02"
283;3;-46,3770234793;-23,4943145;"283-03"
283;4;-46,3861099798;-23,502819;"283-04"
284;1;-46,409213307;-23,517823;"284-01"
284;4;-46,4242417932;-23,5157875;"284-04"
285;1;-46,3929794003;-23,5167795;"285-01"
285;2;-46,3744396521;-23,507497;"285-02"
286;1;-46,4219622409;-23,526402;"286-01"
286;2;-46,4238422036;-23,532938;"286-02"
287;1;-46,4089274788;-23,5312605;"287-01"
287;2;-46,3949100157;-23,5267615;"287-02"
287;4;-46,3993446137;-23,537179;"287-04"
287;5;-46,3949532626;-23,544468;"287-05"
288;1;-46,3766300802;-23,528615;"288-01"
288;2;-46,3717404656;-23,541581;"288-02"
289;1;-46,4354733981;-23,541559;"289-01"
289;2;-46,4280969626;-23,5414385;"289-02"
289;3;-46,4303211099;-23,5496715;"289-03"
289;4;-46,4400080219;-23,5496835;"289-04"
290;1;-46,4111752212;-23,550689;"290-01"
290;2;-46,4020038883;-23,549138;"290-02"
290;3;-46,4191913834;-23,5497915;"290-03"
290;4;-46,4227149089;-23,558743;"290-04"
290;5;-46,4241040048;-23,5464525;"290-05"
291;1;-46,4084080799;-23,5586955;"291-01"
291;2;-46,3924661873;-23,5606815;"291-02"
291;3;-46,3972757617;-23,5648315;"291-03"
292;1;-46,4391012861;-23,5686285;"292-01"
292;2;-46,4268973556;-23,5650435;"292-02"
292;3;-46,4235405896;-23,578719;"292-03"
293;1;-46,4069925726;-23,5781565;"293-01"
293;2;-46,4057135319;-23,569738;"293-02"
293;3;-46,394422673;-23,5776765;"293-03"
293;4;-46,3861117734;-23,579658;"293-04"
293;5;-46,3874348627;-23,590963;"293-05"
293;6;-46,4020954803;-23,588906;"293-06"
293;7;-46,4015638591;-23,600884;"293-07"
293;8;-46,4118494773;-23,5886275;"293-08"
293;9;-46,4184978226;-23,5702545;"293-09"
294;1;-46,4500227845;-23,6045505;"294-01"
294;3;-46,4374101572;-23,59909;"294-03"
294;4;-46,4319521618;-23,613867;"294-04"
295;1;-46,4135151801;-23,6080595;"295-01"
295;2;-46,4183806224;-23,63015;"295-02"
296;1;-46,4459919467;-23,630455;"296-01"
297;1;-46,4624959728;-23,6756935;"297-01"
297;2;-46,4539725201;-23,6934125;"297-02"
297;3;-46,445714536;-23,681038;"297-03"
297;4;-46,4286827356;-23,6690345;"297-04"
297;5;-46,4524390602;-23,670013;"297-05"
297;6;-46,4568133115;-23,650851;"297-06"
297;8;-46,4319414435;-23,6509265;"297-08"
298;1;-46,4949627267;-23,7369025;"298-01"
299;1;-46,5332841423;-23,7227345;"299-01"
299;5;-46,5591773924;-23,7349975;"299-05"
300;1;-46,6151851705;-23,7498545;"300-01"
301;2;-46,6614882565;-23,738203;"301-02"
301;5;-46,6888028847;-23,7688675;"301-05"
301;4;-46,6667736658;-23,770631;"301-04"
302;1;-46,6854711688;-23,7396685;"302-01"
302;2;-46,6973496626;-23,7497825;"302-02"
302;3;-46,7042831752;-23,7665135;"302-03"
303;1;-46,7153579648;-23,745681;"303-01"
304;1;-46,7628047013;-23,7321015;"304-01"
305;1;-46,7698505048;-23,7076445;"305-01"
306;1;-46,7731175427;-23,6790145;"306-01"
306;2;-46,7786012185;-23,6886855;"306-02"
306;3;-46,7921616667;-23,6965275;"306-03"
307;1;-46,7756061662;-23,662176;"307-01"
307;2;-46,7835691838;-23,671467;"307-02"
307;3;-46,7771549408;-23,673004;"307-03"
307;4;-46,7889070456;-23,684156;"307-04"
308;1;-46,7868179783;-23,653889;"308-01"
308;2;-46,7801396628;-23,656312;"308-02"
308;3;-46,7721570497;-23,654678;"308-03"
308;4;-46,7887591432;-23,6614015;"308-04"
308;5;-46,7894772091;-23,668047;"308-05"
308;6;-46,7964410795;-23,6774505;"308-06"
309;1;-46,8185228698;-23,6616865;"309-01"
310;1;-46,8420954202;-23,6476625;"310-01"
311;1;-46,8832087212;-23,64757;"311-01"
312;1;-46,8546652887;-23,59589;"312-01"
313;1;-46,8603518877;-23,5637335;"313-01"
314;1;-46,8892117227;-23,556602;"314-01"
315;1;-46,8769584868;-23,535107;"315-01"
315;2;-46,9020387515;-23,5155855;"315-02"
316;1;-46,9138376614;-23,541834;"316-01"
316;2;-46,901645223;-23,539971;"316-02"
317;1;-46,8743565694;-23,5197425;"317-01"
318;1;-46,9196953882;-23,52138;"318-01"
319;1;-46,8778592328;-23,510418;"319-01"
319;2;-46,896433158;-23,4941135;"319-02"
319;3;-46,8766607276;-23,4885505;"319-03"
320;1;-46,9335568811;-23,499241;"320-01"
321;1;-46,9098466554;-23,446179;"321-01"
322;1;-46,8718349723;-23,360001;"322-01"
322;2;-46,8506469106;-23,3680725;"322-02"
322;3;-46,8355702457;-23,3615155;"322-03"
322;4;-46,8392696303;-23,411119;"322-04"
323;1;-46,7910263508;-23,3677215;"323-01"
324;1;-46,7504348251;-23,356023;"324-01"
324;2;-46,7267155057;-23,3780825;"324-02"
325;1;-46,701913302;-23,3164415;"325-01"
325;2;-46,7378072285;-23,3223665;"325-02"
325;3;-46,7038633408;-23,35012;"325-03"
325;4;-46,7684234306;-23,3096115;"325-04"
326;1;-46,5921233316;-23,333681;"326-01"
326;2;-46,554006967;-23,3272205;"326-02"
327;1;-46,3411653947;-23,3679895;"327-01"
328;1;-46,308674088;-23,3912985;"328-01"
328;4;-46,3322799976;-23,4201405;"328-04"
329;1;-46,3308410716;-23,4413265;"329-01"
329;3;-46,3778564231;-23,4502155;"329-03"
330;1;-46,2837189262;-23,4114345;"330-01"
331;1;-46,3588465817;-23,4954085;"331-01"
331;2;-46,339826402;-23,490066;"331-02"
331;3;-46,36544665;-23,47889;"331-03"
331;4;-46,3299879396;-23,461644;"331-04"
332;1;-46,3009632923;-23,4627035;"332-01"
333;1;-46,2595664843;-23,4839095;"333-01"
334;1;-46,3518555197;-23,5185395;"334-01"
334;2;-46,331239767;-23,515325;"334-02"
334;3;-46,3432611972;-23,535052;"334-03"
335;1;-46,2882222232;-23,530814;"335-01"
335;2;-46,3146441883;-23,5211945;"335-02"
335;3;-46,3072470012;-23,5079745;"335-03"
336;1;-46,3706335607;-23,547952;"336-01"
336;2;-46,3620417149;-23,556885;"336-02"
337;1;-46,3476628064;-23,556523;"337-01"
338;1;-46,3104899903;-23,545302;"338-01"
338;2;-46,2961725951;-23,543171;"338-02"
338;3;-46,2846524954;-23,5519675;"338-03"
338;4;-46,3082793087;-23,578456;"338-04"
338;6;-46,3235378102;-23,5396805;"338-06"
339;1;-46,2603416944;-23,548523;"339-01"
339;2;-46,2478725453;-23,574091;"339-02"
339;3;-46,2609955585;-23,5367;"339-03"
340;1;-46,3735800595;-23,5901215;"340-01"
341;1;-46,3072514346;-23,6565345;"341-01"
342;1;-46,4063573778;-23,6458085;"342-01"
343;1;-46,3791420009;-23,659819;"343-01"
344;1;-46,3581746036;-23,6877665;"344-01"
345;1;-46,4503156296;-23,7327915;"345-01"
345;2;-46,4154741589;-23,699534;"345-02"
345;3;-46,4028910481;-23,724501;"345-03"
345;4;-46,4215205436;-23,71827;"345-04"
346;1;-46,5286198015;-23,7737365;"346-01"
347;1;-46,661929179;-23,802611;"347-01"
348;1;-46,7290829311;-23,838359;"348-01"
349;1;-46,7679860879;-23,778059;"349-01"
350;1;-46,8276408238;-23,8160695;"350-01"
351;1;-46,8374741162;-23,7278925;"351-01"
352;1;-46,8719837951;-23,761198;"352-01"
353;1;-46,9087420178;-23,7280875;"353-01"
354;1;-46,9199228507;-23,6947265;"354-01"
355;1;-46,9344436986;-23,612624;"355-01"
356;1;-46,9474350368;-23,5452815;"356-01"
356;2;-46,9275583581;-23,5326735;"356-02"
356;3;-46,9301584473;-23,5591925;"356-03"
356;4;-46,9672003887;-23,562127;"356-04"
356;5;-46,9648360391;-23,521191;"356-05"
357;1;-46,981329264;-23,3774015;"357-01"
358;1;-46,8908605313;-23,3388885;"358-01"
359;1;-46,8086088307;-23,3037435;"359-01"
360;1;-46,77156672;-23,270904;"360-01"
361;1;-46,7404946338;-23,2649435;"361-01"
361;2;-46,7135571225;-23,2865285;"361-02"
361;3;-46,7456493833;-23,290998;"361-03"
361;4;-46,7544963593;-23,277114;"361-04"
362;1;-46,6901499611;-23,2674555;"362-01"
363;1;-46,6725493225;-23,298286;"363-01"
364;1;-46,6237128905;-23,28035;"364-01"
365;1;-46,4727711207;-23,29684;"365-01"
366;1;-46,3904320846;-23,327765;"366-01"
367;1;-46,2907842564;-23,2951;"367-01"
368;1;-46,2034601179;-23,3261975;"368-01"
369;1;-46,2060929054;-23,422988;"369-01"
370;1;-46,0659094338;-23,42479;"370-01"
371;1;-46,219680302;-23,5470385;"371-01"
371;2;-46,2091104361;-23,5675225;"371-02"
371;3;-46,2316088509;-23,5332045;"371-03"
372;1;-46,1904414312;-23,5371345;"372-01"
372;2;-46,1956046027;-23,5122285;"372-02"
372;3;-46,1715983544;-23,5256525;"372-03"
372;4;-46,1868192952;-23,557344;"372-04"
372;5;-46,2013544972;-23,4923545;"372-05"
373;1;-46,1449732779;-23,5150175;"373-01"
373;2;-46,1504716099;-23,49082;"373-02"
373;4;-46,1351912001;-23,527182;"373-04"
374;1;-46,0873658132;-23,4797945;"374-01"
374;2;-46,1091427315;-23,483767;"374-02"
375;1;-46,1710551764;-23,669721;"375-01"
375;3;-46,1354880923;-23,569536;"375-03"
376;1;-46,0195752351;-23,621461;"376-01"
377;1;-45,8486812088;-23,576547;"377-01"
378;1;-46,3886402396;-23,728374;"378-01"
378;2;-46,3482859723;-23,721169;"378-02"
379;1;-46,4046412205;-23,751723;"379-01"
379;4;-46,3732610749;-23,745567;"379-04"
380;1;-46,3471798427;-23,770078;"380-01"
381;1;-46,5447256845;-23,875794;"381-01"
382;1;-46,7068786412;-23,9373505;"382-01"
383;1;-46,81741133;-23,881323;"383-01"
384;1;-46,9327400894;-23,855448;"384-01"
385;1;-47,0147803755;-23,950417;"385-01"
386;1;-46,9641749956;-23,7275265;"386-01"
387;1;-47,0299356949;-23,7084075;"387-01"
388;1;-47,0153668981;-23,632294;"388-01"
389;1;-47,0044268152;-23,577083;"389-01"
